<?xml version="1.0" encoding="UTF-8"?>
<project-private xmlns="http://www.netbeans.org/ns/project-private/1">
    <editor-bookmarks xmlns="http://www.netbeans.org/ns/editor-bookmarks/2" lastBookmarkId="0"/>
    <open-files xmlns="http://www.netbeans.org/ns/projectui-open-files/2">
        <group>
            <file>file:/C:/Users/user/OneDrive/Documents/NetBeansProjects/Tugas_PBO/src/tugas_pbo/Dashbroad_admin.java</file>
            <file>file:/C:/Users/user/OneDrive/Documents/NetBeansProjects/Tugas_PBO/src/tugas_pbo/Absensi.java</file>
            <file>file:/C:/Users/user/OneDrive/Documents/NetBeansProjects/Tugas_PBO/src/tugas_pbo/loginuser.java</file>
            <file>file:/C:/Users/user/OneDrive/Documents/NetBeansProjects/Tugas_PBO/src/tugas_pbo/Tugas_PBO.java</file>
            <file>file:/C:/Users/user/OneDrive/Documents/NetBeansProjects/Tugas_PBO/src/tugas_pbo/admin.java</file>
        </group>
    </open-files>
</project-private>
